,hdf5_index,hdf5 key,demo file,round id,round number,start game tick,game tick length,plant state index,num ct alive,num t alive,c4 pos x,camera pos x,camera pos y,camera pos z,camera view angle y,camera view angle x,fixed start tick
17,12,all_train_outputs/behaviorTreeTeamFeatureStore_22.hdf5,2353170_132067_g2-vs-nip-m2-dust2_ad4c7d50-5b76-11ec-9611-0a58a9feac02.dem,6,6,109651,3625,303,4,3,1004.340027,1851.85,1950.46,695.33,44.27,-179.74,N/A
54,33,all_train_outputs/behaviorTreeTeamFeatureStore_15.hdf5,2351429_126662_chococheck-vs-mythic-m1-dust2_67d64e10-1722-11ec-a4ba-0a58a9feac02.dem,300,8,117645,1410,875,4,2,994.5,1839.522461,1947.272827,695.787781,44.749012,164.697021,N/A
14,7,all_train_outputs/behaviorTreeTeamFeatureStore_19.hdf5,2352619_129443_skade-vs-4glory-m2-dust2_fc46fe50-39aa-11ec-afbb-0a58a9feac02.dem,528,9,84355,1889,188,4,3,1023.840027,366.02,2819.42,857.36,42.67,-54.92,N/A
43,26,all_train_outputs/behaviorTreeTeamFeatureStore_44.hdf5,2358810_143232_goodjob-vs-websterz-m1-dust2_681031fa-338e-11ed-8cc0-0a58a9feac02.dem,15,16,245019,3699,671,4,2,-1366.380005,-654.809387,2647.333984,657.502563,49.484459,-113.565445,246620
18,12,all_train_outputs/behaviorTreeTeamFeatureStore_22.hdf5,2353308_131289_finest-vs-4glory-m1-dust2_0253c22a-5467-11ec-9d4f-0a58a9feac02.dem,374,15,219042,2505,323,3,3,1096.560059,1839.522461,1947.272827,695.787781,44.27,-179.74,N/A
70,43,all_train_outputs/behaviorTreeTeamFeatureStore_13.hdf5,2350669_125041_1win-vs-777-m2-dust2_644bf2ea-05cf-11ec-98a3-0a58a9feac02.dem,160,23,328591,5241,1128,3,3,-1652.280029,-596.84,2761.13,434.89,31.25,-110.37,N/A
40,24,all_train_outputs/behaviorTreeTeamFeatureStore_12.hdf5,2350367_125787_nip-vs-entropiq-m1-dust2_b7e125e2-0ce1-11ec-a9b2-0a58a9feac02.dem,41,16,252278,2745,625,3,3,-1387.589966,-1577.356323,3023.327393,833.181152,49.251953,-92.483536,N/A
89,48,all_train_outputs/behaviorTreeTeamFeatureStore_11.hdf5,2350341_125064_g2-vs-complexity-m3-dust2_68fbae44-05ce-11ec-8f0b-0a58a9feac02.dem,445,15,246192,3537,1303,3,3,-1431.089966,-1577.356323,3023.327393,833.181152,49.251953,-92.483536,N/A
